CARE_CLUSTER,UTIL_ER_Y1,UTIL_IP_Y1,UTIL_OB_Y1,UTIL_RX_Y1,COST_Y2_ADJ,AGE_Y1
0,0.08332619924093257,0.0,2.7201438233027995,4.981394287018805,4021.760041377736,42.68975258967554
1,0.7725660228616477,1.316121403232164,10.776507686243594,21.16791486007095,15461.123240047302,48.86677177769018
2,2.863095238095238,0.17091836734693877,8.034013605442176,21.360544217687075,12595.16593537415,43.95068027210884
3,0.2333793103448276,0.05379310344827586,22.33351724137931,56.618758620689654,21665.05084137931,59.204689655172416
