,Stable_Low_Avg,Jumper_Avg,Rel_Risk_Ratio
UTIL_IP_Y1,0.001364256480218281,0.004329004329004329,3.173160173160173
UTIL_RX_Y1,1.1438670470048369,3.3593073593073592,2.936798789775045
CHRONIC_COUNT,0.28221505643060896,0.6125541125541125,2.1705224388151216
UTIL_OB_Y1,0.6721443631402704,1.3831168831168832,2.0577675853070265
UTIL_ER_Y1,0.048431105047748974,0.07575757575757576,1.5642338881775504
AGE_Y1,37.72305593451569,45.62337662337662,1.2094294985691316
MNHLTH_RD1,1.8058845530482484,1.991304347826087,1.1026753313022468
